{
    "metrics": {
        "http_reqs": {
            "count": 403284,
            "rate": 1334.954601493554
        },
        "http_req_duration{expected_response:true}": {
            "med": 10.07096,
            "max": 574.148027,
            "p(90)": 13.5436336,
            "p(95)": 14.788831349999999,
            "avg": 9.95703720247604,
            "min": 3.44302
        },
        "http_req_blocked": {
            "avg": 0.6339595494515108,
            "min": 0,
            "med": 0.002765,
            "max": 15865.567502,
            "p(90)": 0.004248,
            "p(95)": 0.00518
        },
        "http_req_connecting": {
            "min": 0,
            "med": 0,
            "max": 15865.520992,
            "p(90)": 0,
            "p(95)": 0,
            "avg": 0.6291274134034578
        },
        "http_req_receiving": {
            "avg": 0.2820562356155969,
            "min": -0.820337,
            "med": 0.186832,
            "max": 12.777311,
            "p(90)": 0.6347357,
            "p(95)": 0.80443485
        },
        "iteration_duration": {
            "avg": 14.8761469003657,
            "min": 4.054328,
            "med": 10.206566500000001,
            "max": 30002.498702,
            "p(90)": 13.7326592,
            "p(95)": 14.999227099999999
        },
        "http_req_tls_handshaking": {
            "min": 0,
            "med": 0,
            "max": 0,
            "p(90)": 0,
            "p(95)": 0,
            "avg": 0
        },
        "http_req_sending": {
            "p(90)": 0.023696,
            "p(95)": 0.033405,
            "avg": 0.014377291171978434,
            "min": 0,
            "med": 0.009388,
            "max": 3.889236
        },
        "http_req_duration": {
            "min": 0,
            "med": 10.070425499999999,
            "max": 574.148027,
            "p(90)": 13.543483,
            "p(95)": 14.788645749999997,
            "avg": 9.955654568691068,
            "thresholds": {
                "p(95)<1200": false
            }
        },
        "iterations": {
            "count": 403284,
            "rate": 1334.954601493554
        },
        "vus_max": {
            "max": 20,
            "value": 20,
            "min": 20
        },
        "vus": {
            "value": 1,
            "min": 1,
            "max": 20
        },
        "checks": {
            "passes": 806456,
            "fails": 112,
            "value": 0.9998611400402694
        },
        "http_req_failed": {
            "passes": 56,
            "fails": 403228,
            "thresholds": {
                "rate<0.01": false
            },
            "value": 0.00013885995973061168
        },
        "data_received": {
            "count": 2005329300,
            "rate": 6638060.464944921
        },
        "data_sent": {
            "count": 58871288,
            "rate": 194876.30754369686
        },
        "http_req_waiting": {
            "avg": 9.659221041903836,
            "min": 0,
            "med": 9.8127055,
            "max": 562.841854,
            "p(90)": 13.226174100000001,
            "p(95)": 14.447936799999997
        }
    },
    "root_group": {
        "name": "",
        "path": "",
        "id": "d41d8cd98f00b204e9800998ecf8427e",
        "groups": {},
        "checks": {
                "status is 200": {
                    "fails": 56,
                    "name": "status is 200",
                    "path": "::status is 200",
                    "id": "6210a8cd14cd70477eba5c5e4cb3fb5f",
                    "passes": 403228
                },
                "response has code 200": {
                    "passes": 403228,
                    "fails": 56,
                    "name": "response has code 200",
                    "path": "::response has code 200",
                    "id": "051499325eab8de6f4df0b1a05e6a12f"
                }
            }
    }
}