{
    "metrics": {
        "http_req_connecting": {
            "avg": 0.00009868444254632597,
            "min": 0,
            "med": 0,
            "max": 3.717297,
            "p(90)": 0,
            "p(95)": 0
        },
        "http_req_waiting": {
            "min": 6.940324,
            "med": 13.261977,
            "max": 578.778543,
            "p(90)": 16.532837100000002,
            "p(95)": 17.9189892,
            "avg": 13.674826886820284
        },
        "iterations": {
            "count": 421470,
            "rate": 1404.957272001376
        },
        "http_req_duration": {
            "p(90)": 16.979322700000004,
            "p(95)": 18.38692335,
            "avg": 14.065286941082503,
            "min": 7.16383,
            "med": 13.640684,
            "max": 587.710827,
            "thresholds": {
                "p(95)<1200": false
            }
        },
        "iteration_duration": {
            "med": 13.795408,
            "max": 591.166711,
            "p(90)": 17.1505137,
            "p(95)": 18.564811049999996,
            "avg": 14.220209420011205,
            "min": 7.710499
        },
        "http_req_sending": {
            "med": 0.010069,
            "max": 6.290569,
            "p(90)": 0.027563,
            "p(95)": 0.03885654999999999,
            "avg": 0.0168572311884596,
            "min": 0.003697
        },
        "http_req_receiving": {
            "p(90)": 0.9140497000000003,
            "p(95)": 1.21779155,
            "avg": 0.3736028230739964,
            "min": -1.328725,
            "med": 0.20256249999999998,
            "max": 14.80633
        },
        "vus": {
            "value": 20,
            "min": 20,
            "max": 20
        },
        "vus_max": {
            "value": 20,
            "min": 20,
            "max": 20
        },
        "http_reqs": {
            "count": 421470,
            "rate": 1404.957272001376
        },
        "data_received": {
            "count": 2097682296,
            "rate": 6992559.3662982965
        },
        "http_req_tls_handshaking": {
            "avg": 0,
            "min": 0,
            "med": 0,
            "max": 0,
            "p(90)": 0,
            "p(95)": 0
        },
        "checks": {
            "passes": 842940,
            "fails": 0,
            "value": 1
        },
        "data_sent": {
            "count": 52683750,
            "rate": 175619.659000172
        },
        "http_req_failed": {
            "passes": 0,
            "fails": 421470,
            "thresholds": {
                "rate<0.01": false
            },
            "value": 0
        },
        "http_req_duration{expected_response:true}": {
            "avg": 14.065286941082503,
            "min": 7.16383,
            "med": 13.640684,
            "max": 587.710827,
            "p(90)": 16.979322700000004,
            "p(95)": 18.38692335
        },
        "http_req_blocked": {
            "p(95)": 0.005691,
            "avg": 0.0049302189977934235,
            "min": 0.000892,
            "med": 0.003137,
            "max": 5.518072,
            "p(90)": 0.004749
        }
    },
    "root_group": {
        "checks": {
            "status is 200": {
                "name": "status is 200",
                "path": "::status is 200",
                "id": "6210a8cd14cd70477eba5c5e4cb3fb5f",
                "passes": 421470,
                "fails": 0
            },
            "response has code 200": {
                "name": "response has code 200",
                "path": "::response has code 200",
                "id": "051499325eab8de6f4df0b1a05e6a12f",
                "passes": 421470,
                "fails": 0
            }
        },
        "name": "",
        "path": "",
        "id": "d41d8cd98f00b204e9800998ecf8427e",
        "groups": {}
    }
}