{
    "metrics": {
        "http_req_blocked": {
            "avg": 0.006162188823325122,
            "min": 0.000952,
            "med": 0.003247,
            "max": 15.175219,
            "p(90)": 0.004909,
            "p(95)": 0.005872
        },
        "http_req_duration{expected_response:true}": {
            "avg": 35.72954231162993,
            "min": 7.854881,
            "med": 34.893241,
            "max": 138.856224,
            "p(90)": 46.6573546,
            "p(95)": 51.19623219999999
        },
        "http_req_tls_handshaking": {
            "min": 0,
            "med": 0,
            "max": 0,
            "p(90)": 0,
            "p(95)": 0,
            "avg": 0
        },
        "data_sent": {
            "count": 52218125,
            "rate": 174057.42127073024
        },
        "vus_max": {
            "value": 50,
            "min": 50,
            "max": 50
        },
        "checks": {
            "fails": 0,
            "passes": 835490,
            "value": 1
        },
        "http_reqs": {
            "count": 417745,
            "rate": 1392.4593701658418
        },
        "iteration_duration": {
            "avg": 35.891843876467895,
            "min": 7.984453,
            "med": 35.053946,
            "max": 139.022816,
            "p(90)": 46.82098520000001,
            "p(95)": 51.3706846
        },
        "iterations": {
            "count": 417745,
            "rate": 1392.4593701658418
        },
        "vus": {
            "value": 50,
            "min": 50,
            "max": 50
        },
        "http_req_failed": {
            "passes": 0,
            "fails": 417745,
            "thresholds": {
                "rate<0.01": false
            },
            "value": 0
        },
        "http_req_connecting": {
            "med": 0,
            "max": 13.088746,
            "p(90)": 0,
            "p(95)": 0,
            "avg": 0.0010968185519874567,
            "min": 0
        },
        "data_received": {
            "count": 2079139664,
            "rate": 6930346.28067424
        },
        "http_req_waiting": {
            "min": 7.499222,
            "med": 34.477159,
            "max": 138.804192,
            "p(90)": 46.226131200000005,
            "p(95)": 50.70739879999999,
            "avg": 35.30843725771361
        },
        "http_req_receiving": {
            "p(95)": 1.3400453999999997,
            "avg": 0.40355655897737047,
            "min": -2.454281,
            "med": 0.214296,
            "max": 14.116154,
            "p(90)": 0.978926400000001
        },
        "http_req_duration": {
            "avg": 35.72954231162993,
            "min": 7.854881,
            "med": 34.893241,
            "max": 138.856224,
            "p(90)": 46.6573546,
            "p(95)": 51.19623219999999,
            "thresholds": {
                "p(95)<1200": false
            }
        },
        "http_req_sending": {
            "min": -2.187169,
            "med": 0.01051,
            "max": 11.08755,
            "p(90)": 0.028866,
            "p(95)": 0.039486,
            "avg": 0.017548494938299755
        }
    },
    "root_group": {
        "path": "",
        "id": "d41d8cd98f00b204e9800998ecf8427e",
        "groups": {},
        "checks": {
                "status is 200": {
                    "id": "6210a8cd14cd70477eba5c5e4cb3fb5f",
                    "passes": 417745,
                    "fails": 0,
                    "name": "status is 200",
                    "path": "::status is 200"
                },
                "response has code 200": {
                    "name": "response has code 200",
                    "path": "::response has code 200",
                    "id": "051499325eab8de6f4df0b1a05e6a12f",
                    "passes": 417745,
                    "fails": 0
                }
            },
        "name": ""
    }
}