{
    "root_group": {
        "name": "",
        "path": "",
        "id": "d41d8cd98f00b204e9800998ecf8427e",
        "groups": {},
        "checks": {
                "status is 200": {
                    "name": "status is 200",
                    "path": "::status is 200",
                    "id": "6210a8cd14cd70477eba5c5e4cb3fb5f",
                    "passes": 1230291,
                    "fails": 0
                },
                "response has code 200": {
                    "name": "response has code 200",
                    "path": "::response has code 200",
                    "id": "051499325eab8de6f4df0b1a05e6a12f",
                    "passes": 1230291,
                    "fails": 0
                }
            }
    },
    "metrics": {
        "http_req_sending": {
            "avg": 0.018222848231840484,
            "min": -0.278152,
            "med": 0.009068,
            "max": 12.493583,
            "p(90)": 0.013677,
            "p(95)": 0.029858
        },
        "checks": {
            "passes": 2460582,
            "fails": 0,
            "value": 1
        },
        "http_req_duration": {
            "max": 81.608958,
            "p(90)": 16.170121,
            "p(95)": 17.6147565,
            "avg": 12.023681053587946,
            "min": 2.87068,
            "med": 11.717013,
            "thresholds": {
                "p(95)<1200": false
            }
        },
        "http_req_waiting": {
            "max": 76.063524,
            "p(90)": 12.448101,
            "p(95)": 13.6760725,
            "avg": 9.471861577229927,
            "min": 2.466137,
            "med": 9.178125
        },
        "data_sent": {
            "count": 153786375,
            "rate": 512651.51972258685
        },
        "data_received": {
            "count": 6123205560,
            "rate": 20411890.42857531
        },
        "http_reqs": {
            "count": 1230291,
            "rate": 4101.212157780695
        },
        "iterations": {
            "rate": 4101.212157780695,
            "count": 1230291
        },
        "http_req_connecting": {
            "max": 5.586178,
            "p(90)": 0,
            "p(95)": 0,
            "avg": 0.00014780309536524284,
            "min": 0,
            "med": 0
        },
        "http_req_failed": {
            "passes": 0,
            "fails": 1230291,
            "thresholds": {
                "rate<0.01": false
            },
            "value": 0
        },
        "http_req_duration{expected_response:true}": {
            "min": 2.87068,
            "med": 11.717013,
            "max": 81.608958,
            "p(90)": 16.170121,
            "p(95)": 17.6147565,
            "avg": 12.023681053587946
        },
        "vus": {
            "value": 50,
            "min": 50,
            "max": 50
        },
        "vus_max": {
            "value": 50,
            "min": 50,
            "max": 50
        },
        "http_req_tls_handshaking": {
            "max": 0,
            "p(90)": 0,
            "p(95)": 0,
            "avg": 0,
            "min": 0,
            "med": 0
        },
        "iteration_duration": {
            "avg": 12.176339640663317,
            "min": 2.994703,
            "med": 11.870099,
            "max": 81.720241,
            "p(90)": 16.326688,
            "p(95)": 17.7795105
        },
        "http_req_blocked": {
            "avg": 0.004941920661857795,
            "min": 0.000751,
            "med": 0.002796,
            "max": 8.027003,
            "p(90)": 0.004098,
            "p(95)": 0.00487
        },
        "http_req_receiving": {
            "avg": 2.533596628126867,
            "min": -4.31507,
            "med": 2.072618,
            "max": 22.345702,
            "p(90)": 5.839809,
            "p(95)": 6.787675500000001
        }
    }
}