{
    "root_group": {
        "id": "d41d8cd98f00b204e9800998ecf8427e",
        "groups": {},
        "checks": {
                "status is 200": {
                    "name": "status is 200",
                    "path": "::status is 200",
                    "id": "6210a8cd14cd70477eba5c5e4cb3fb5f",
                    "passes": 1151645,
                    "fails": 0
                },
                "response has code 200": {
                    "name": "response has code 200",
                    "path": "::response has code 200",
                    "id": "051499325eab8de6f4df0b1a05e6a12f",
                    "passes": 1151645,
                    "fails": 0
                }
            },
        "name": "",
        "path": ""
    },
    "metrics": {
        "http_req_connecting": {
            "med": 0,
            "max": 1.798249,
            "p(90)": 0,
            "p(95)": 0,
            "avg": 0.000027201923335750163,
            "min": 0
        },
        "data_sent": {
            "count": 143955625,
            "rate": 479868.71847352484
        },
        "vus_max": {
            "value": 20,
            "min": 20,
            "max": 20
        },
        "http_req_tls_handshaking": {
            "min": 0,
            "med": 0,
            "max": 0,
            "p(90)": 0,
            "p(95)": 0,
            "avg": 0
        },
        "http_req_receiving": {
            "avg": 0.7024754236540075,
            "min": -1.226855,
            "med": 0.51736,
            "max": 31.942967,
            "p(90)": 1.620661,
            "p(95)": 2.0011942000000005
        },
        "iteration_duration": {
            "p(90)": 6.6803348,
            "p(95)": 7.495034000000001,
            "avg": 5.196326827648464,
            "min": 2.373839,
            "med": 4.948219,
            "max": 129.28763
        },
        "http_reqs": {
            "count": 1151645,
            "rate": 3838.949747788199
        },
        "iterations": {
            "count": 1151645,
            "rate": 3838.949747788199
        },
        "http_req_duration": {
            "p(95)": 7.351329600000001,
            "avg": 5.06924726151724,
            "min": 1.551698,
            "med": 4.821595,
            "max": 116.619243,
            "p(90)": 6.5386648,
            "thresholds": {
                "p(95)<1200": false
            }
        },
        "http_req_sending": {
            "avg": 0.01352207627523994,
            "min": 0.003406,
            "med": 0.008446,
            "max": 6.260565,
            "p(90)": 0.01356239999999979,
            "p(95)": 0.030338
        },
        "checks": {
            "passes": 2303290,
            "fails": 0,
            "value": 1
        },
        "http_req_blocked": {
            "p(95)": 0.004569,
            "avg": 0.004155235787067094,
            "min": 0.000831,
            "med": 0.002675,
            "max": 10.124934,
            "p(90)": 0.003827
        },
        "data_received": {
            "count": 5731780630,
            "rate": 19106597.783097904
        },
        "http_req_duration{expected_response:true}": {
            "avg": 5.06924726151724,
            "min": 1.551698,
            "med": 4.821595,
            "max": 116.619243,
            "p(90)": 6.5386648,
            "p(95)": 7.351329600000001
        },
        "http_req_failed": {
            "passes": 0,
            "fails": 1151645,
            "thresholds": {
                "rate<0.01": false
            },
            "value": 0
        },
        "http_req_waiting": {
            "avg": 4.353249761587841,
            "min": 1.42264,
            "med": 4.140452,
            "max": 114.553323,
            "p(90)": 5.5144703999999996,
            "p(95)": 6.261715600000001
        },
        "vus": {
            "value": 20,
            "min": 20,
            "max": 20
        }
    }
}